registrable,screenshot_phash
wipro.com,aa19d0cceae887c7
arunachalpradesh.gov.in,dcd41dda45aa43a3
chandigarh.gov.in,e6459115155fccce
dnh.gov.in,c9b5155c64c28fa7
assam.gov.in,c57f3a20813f6a71
fssai.gov.in,8b80707a97157b6b
haryana.gov.in,b333233333333333
gujarat.gov.in,8707070703f1f1fb
cert-in.org.in,af6a6a6a62c78594
irdai.gov.in,f2857d7385798710
manipur.gov.in,8341608f8df8bd1f
meghalaya.gov.in,b68a49d0b436cbcb
maharashtra.gov.in,d08caf3d60d62d6a
mtnl.net.in,cabbbb6c30a199e0
newindia.co.in,bfc9c8f8c2b240ad
nic.co.in,ffff00f0fef80000
nhai.gov.in,844c6ada1c35e3eb
mizoram.gov.in,b6beb6044cc349e3
nalcoindia.com,e666e666607053f1
nitc.ac.in,8e8f70109f9fe0f0
nta.ac.in,aa902ad4b5e7f522
orientalinsurance.org.in,c9496b2f3c362e32
aiims.edu,86c140a7c1fabb73
cbse.gov.in,8f0f070703e3e3e3
punjab.gov.in,80fb2bb740167e66
rajasthan.gov.in,f2541272087753df
jharkhand.gov.in,9ce31ef00ce30ee3
mp.gov.in,afc0407af093aeae
nagaland.gov.in,ccba324c4cb333cd
py.gov.in,ebe310b61cc9c959
tripura.gov.in,aef041a7c08f1fc9
bhimupi.org.in,8e4d42c744b6b6b6
aicte-india.org,eac1159760be1d8d
bseindia.com,92c7479a41ce1cf9
epfindia.gov.in,ee3f30c0c194353f
dgft.gov.in,99993f374dc442c6
goa.gov.in,b4ab3d9450fcca16
esic.nic.in,b6db258d38f0c227
iitd.ac.in,eb95545a126e39e2
gst.gov.in,b5a524bb2b0bc347
iitb.ac.in,be3e144c48d03f3e
education.gov.in,8f0f0f0303e3e3e3
idbi.com,ceda132764ad12f8
tn.gov.in,9a9224e563e3bd38
sebi.gov.in,c34313b1b93d6969
sikkim.gov.in,eaca58c96b859535
sjvn.nic.in,cf1e1ab164a759d0
recindia.nic.in,ce1317cec99dcc48
www.npcil.nic.in,8f056ce297da688d
thdc.co.in,9b1b5b9b0cec64a4
www.ntpc.co.in,a73d38f0e0c2cacb
iocl.com,e2f71e4762b148c3
rbi.org.in,fa6a62b5859dc8c8
gailonline.com,bf9f14ca40cac98b
powergrid.in,b636362666666666
ongcindia.com,9e0e6070797f7701
licindia.in,8b1e5e4a1a1b29ee
www.bankofindia.co.in,aec54e153b51d0da
www.bankofbaroda.in,9f1f4350424f1f5a
indianbank.in,9fc9401e62e1b727
www.kotak.com,cb4b4b4b69e98ca4
centralbankofindia.co.in,b896c7493836c799
www.indusind.com,f9e80dad7a0d8f04
karnatakabank.com,9c1c1c1c1e1e1f3f
www.bsnl.co.in,afc4e0c06fa53ec2
www.paytmbank.com,b656425753535746
www.railtelindia.com,bd5054ee7c10393d
dot.gov.in,8f0f1a1839737363
cris.org.in,d195551555535557
morth.nic.in,c20d3fc2e5cad895
sarathi.parivahan.gov.in,8000000000000000
uidai.gov.in,b1b3933b9991a9a2
delhi.gov.in,95c934fba8b45b14
dae.gov.in,cac7464e34b51c9b
www.bel-india.in,aa77d5d12a0ed1d0
digilocker.gov.in,807f03bf8097836f
mazagondock.in,eb4f05a409cb6c97
bdl-india.in,cac63ee610bd2b91
sail.co.in,9e194e469b8f4e19
sbicard.com,877c077c076f2703
neepco.co.in,9ea2259f4ac8f5c1
icicibank.com,f070707253570f8f
sbi.co.in,be81c166c43b3b99
hdfcbank.com,b6bd2636b4e642c2
pnbindia.in,bf1b58104345e3be
netpnb.com,ec6c4c4c4e466c7d
kavach.mail.gov.in,80008083b77f7f7f
dc.crsorgi.gov.in,99ac44bfb94047b3
accounts.mgovcloud.in,9a57207528e19fab
irctc.com,a787c039e9d146a7
airtel.in,c567ef4545cec610
gridcontroller.in,a18b8b258f257575
bsnl.co.in,afc4e0c06eb53ec2
incometaxindia.gov.in,a327319998c8dade
hal-india.co.in,e4601091afee1ddb
sbiepay.sbi,bb48481b49493fcf
yonobusiness.sbi,b39370ca4accceca
onlinesbi.sbi,add16ba1c22ddaa1
icicidirect.com,beaaf8381caee860
hdfclife.com,aa6e45175d1178ea
hdfcergo.com,aec713f0118d26f6
mail.gov.in,b3335c4c4e667919
bobibanking.com,fa31534343643d6b
crsorgi.gov.in,99bc44bfbb404783
mgovcloud.in,da56706428e58bbe
airtel.com,ce0fa5f01a9743ca
